WORD,NUM_OCCURRENCE_IN_TRAIN
a,978614
on,215656
of,204059
the,197758
in,183997
with,154793
and,140733
is,98182
man,73025
to,68138
sitting,52905
an,49872
two,48341
at,42717
standing,42473
people,41914
are,41083
next,37209
white,36178
woman,33951
street,30270
table,30172
holding,27967
that,27937
large,24554
it,24535
person,24412
some,24325
down,23104
top,22273
group,21598
up,20971
field,20772
small,20088
tennis,19594
near,19569
front,19507
his,19467
black,19335
train,18606
plate,18371
room,18295
dog,18118
riding,18088
red,17347
cat,17118
young,17116
by,17028
water,16435
baseball,15702
has,15116
while,14697
playing,14672
walking,14567
bathroom,14434
sign,14040
blue,13741
kitchen,13390
food,13237
grass,13010
there,12761
bus,12732
green,12578
pizza,12562
parked,12542
side,12407
building,12367
other,12164
bed,12045
looking,11907
snow,11801
beach,11386
ball,11267
couple,11101
three,10974
for,10946
boy,10856
toilet,10604
men,10586
clock,10526
city,10318
road,10224
flying,10155
wearing,9967
out,9926
her,9914
skateboard,9809
player,9759
over,9615
game,9536
several,9468
laying,9369
girl,9343
from,9331
sits,9273
wooden,8989
bench,8909
picture,8865
area,8770
bear,8720
one,8646
their,8641
laptop,8616
through,8595
around,8470
eating,8422
its,8408
yellow,8382
brown,8379
horse,8364
cake,8333
computer,8155
phone,8152
frisbee,8103
board,8044
sink,8015
giraffe,7941
outside,7792
as,7669
living,7588
truck,7504
air,7489
window,7363
desk,7362
motorcycle,7240
trees,7107
umbrella,7092
car,7054
tree,7007
open,7007
wall,7006
each,6964
covered,6960
many,6951
park,6888
close,6850
elephant,6831
this,6745
very,6740
behind,6659
old,6612
filled,6513
under,6513
little,6481
stop,6407
fire,6301
court,6256
into,6105
sky,6103
together,6090
surfboard,5923
kite,5916
child,5892
skis,5814
background,5793
inside,5682
boat,5585
back,5566
bat,5553
sheep,5548
chair,5526
stands,5518
big,5514
bowl,5501
view,5457
photo,5447
bunch,5437
light,5423
couch,5412
glass,5368
ocean,5355
cell,5304
bird,5299
traffic,5240
airplane,5124
mirror,5122
hydrant,5093
zebra,5083
fence,5068
sandwich,5058
teddy,5036
counter,5025
hand,4995
shirt,4989
orange,4940
another,4909
women,4880
different,4874
sidewalk,4867
plane,4785
floor,4773
wave,4751
flowers,4711
lot,4700
giraffes,4690
tall,4680
tracks,4652
horses,4650
stand,4638
vase,4627
cars,4623
parking,4622
tower,4529
baby,4474
racket,4455
vegetables,4448
ground,4434
tie,4364
zebras,4359
grassy,4322
being,4308
elephants,4289
off,4236
bananas,4217
day,4195
along,4115
full,4114
middle,4102
ready,4011
station,3983
image,3981
hill,3972
dirt,3958
taking,3888
sit,3886
signs,3863
bike,3826
four,3824
driving,3794
slope,3770
stuffed,3765
head,3694
piece,3669
above,3650
wine,3619
cows,3590
luggage,3589
broccoli,3587
across,3576
grazing,3574
beside,3557
long,3530
skiing,3526
snowy,3462
them,3413
skate,3408
hanging,3404
wii,3397
hat,3388
during,3375
refrigerator,3363
glasses,3356
holds,3355
mountain,3308
pink,3308
camera,3308
hot,3282
doing,3279
suit,3277
display,3229
buildings,3219
ski,3205
fruit,3202
herd,3195
pole,3162
children,3160
cow,3155
umbrellas,3127
empty,3109
corner,3100
going,3086
cutting,3070
watching,3048
oven,3045
pair,3041
track,3039
looks,3036
stove,3027
keyboard,3025
kites,3023
dogs,3005
jumping,2994
trick,2993
smiling,2981
chairs,2963
television,2932
soccer,2926
boats,2922
double,2908
door,2902
talking,2899
tv,2893
box,2892
posing,2876
airport,2854
traveling,2854
crowd,2853
colorful,2837
swinging,2832
video,2815
surf,2794
birds,2793
topped,2785
animals,2783
various,2779
using,2764
getting,2749
lady,2743
body,2710
plates,2697
set,2692
who,2678
against,2664
hit,2658
all,2636
paper,2634
coffee,2616
guy,2596
carrying,2573
brick,2572
cup,2565
wood,2556
lots,2543
motorcycles,2536
river,2528
banana,2516
cheese,2506
bedroom,2494
something,2482
night,2447
be,2442
waiting,2436
bears,2428
restaurant,2426
house,2422
lights,2410
remote,2384
players,2373
walk,2364
metal,2360
meat,2355
shower,2343
snowboard,2338
skateboarder,2330
runway,2319
face,2308
home,2303
items,2301
about,2299
racquet,2290
bicycle,2290
skier,2281
running,2253
high,2238
surfer,2227
busy,2226
jet,2219
line,2213
ramp,2197
someone,2189
hands,2177
passenger,2167
lying,2165
intersection,2146
male,2123
dressed,2123
tray,2114
mouth,2086
surfing,2081
like,2061
suitcase,2061
book,2044
decker,2038
animal,2029
him,2027
slice,2011
shown,2006
cut,2002
he,1999
preparing,1994
store,1990
rides,1981
bottle,1962
made,1957
pulling,1949
screen,1949
bag,1948
scissors,1942
gray,1933
sleeping,1930
bridge,1926
batter,1919
donuts,1905
half,1904
kids,1881
number,1879
zoo,1874
look,1869
enclosure,1865
dark,1859
tub,1839
knife,1834
way,1830
row,1821
surrounded,1817
sand,1811
microwave,1805
toy,1794
between,1793
showing,1793
play,1792
jacket,1787
adult,1778
carrots,1778
colored,1765
pile,1757
decorated,1747
boys,1742
few,1737
lake,1733
silver,1729
cabinets,1710
buses,1708
lined,1707
mouse,1696
walks,1695
meal,1693
older,1690
forest,1689
girls,1688
skiers,1687
seat,1678
bread,1673
purple,1654
past,1651
furniture,1646
hair,1640
oranges,1630
outdoor,1614
grey,1611
swing,1601
kid,1595
have,1581
cloudy,1572
waves,1563
displayed,1560
throwing,1558
coming,1557
attached,1555
drink,1536
chocolate,1530
photograph,1525
monitor,1514
cats,1513
onto,1509
leaning,1505
fork,1504
making,1499
crossing,1492
can,1487
dining,1473
shelf,1470
scene,1469
pan,1463
stone,1460
rocks,1454
painted,1450
drinking,1447
hitting,1445
birthday,1443
salad,1433
watch,1428
seen,1428
lush,1424
meter,1422
walls,1419
lit,1414
no,1414
female,1414
resting,1411
apples,1409
towards,1404
fruits,1393
market,1390
office,1388
cross,1378
apple,1371
windows,1371
public,1371
tables,1360
sunny,1354
rain,1354
fries,1348
bright,1347
dish,1345
clean,1335
flower,1333
plastic,1317
blanket,1317
leaves,1315
sun,1313
catch,1311
moving,1311
stopped,1303
surfboards,1300
setting,1297
books,1297
bikes,1297
been,1295
edge,1294
mountains,1288
snowboarder,1287
clear,1286
teeth,1285
beautiful,1281
pictures,1278
rail,1266
working,1264
donut,1257
ride,1249
statue,1247
dress,1246
underneath,1246
helmet,1241
platform,1239
trying,1236
slices,1234
uniform,1227
rock,1226
bath,1226
branch,1222
yard,1220
shot,1193
time,1191
controller,1188
or,1182
eat,1180
pieces,1173
having,1170
motor,1170
nice,1168
skateboarding,1162
basket,1160
computers,1159
placed,1157
perched,1153
shows,1153
cellphone,1146
pitch,1145
case,1143
wet,1142
country,1139
cart,1135
passing,1135
shore,1131
base,1128
police,1124
path,1123
cooking,1113
surface,1112
sandy,1110
vehicle,1108
vases,1107
trains,1105
pizzas,1105
catcher,1104
hotel,1103
eaten,1097
dinner,1097
laptops,1097
family,1094
they,1082
others,1080
lap,1079
modern,1079
beer,1078
doughnut,1078
boards,1078
plant,1076
types,1069
brushing,1069
tiled,1068
just,1066
reading,1061
benches,1054
sauce,1052
toppings,1052
multiple,1051
nintendo,1050
lamp,1047
watches,1046
town,1045
single,1041
doughnuts,1039
pitcher,1029
plants,1029
variety,1028
fresh,1024
engine,1023
mounted,1015
guys,1013
enjoying,1010
trucks,1005
post,1001
bowls,1000
pretty,994
passengers,991
distance,989
tarmac,989
phones,989
gear,982
jump,982
bathtub,980
end,979
woods,979
shoes,978
performing,977
appliances,976
gathered,974
cute,973
graffiti,968
place,968
curb,966
tricks,966
rice,965
containing,957
left,954
pen,951
candles,950
shop,936
bottles,935
carriage,934
flies,930
chicken,930
five,929
fenced,929
bags,926
toothbrush,924
railroad,924
feeding,924
dirty,922
pasture,921
pot,919
concrete,916
tile,916
poles,911
below,911
cattle,910
brush,910
match,901
dock,898
neck,897
drinks,896
including,895
take,894
right,893
pillows,886
after,885
steel,884
fireplace,883
control,882
fly,880
takes,879
school,875
sofa,872
she,869
crowded,867
striped,864
vintage,863
bar,862
pulled,856
rack,856
alone,854
center,853
nearby,850
well,845
dry,845
boxes,844
sandwiches,843
polar,842
beds,841
huge,839
catching,837
planes,835
skateboards,833
trunk,830
fridge,827
feet,826
sinks,824
sliced,824
container,823
flat,822
church,821
arm,821
vehicles,821
bicycles,816
shaped,816
equipment,815
suitcases,814
both,809
served,808
reaching,806
putting,804
giant,804
bushes,803
plays,801
where,800
floating,795
smiles,790
surfers,790
legs,790
asian,789
tomatoes,788
poses,787
atop,786
sticking,782
clothes,782
away,781
towel,780
dishes,780
serve,779
taken,779
airplanes,777
prepares,777
lays,776
professional,775
not,775
style,771
hay,768
potatoes,767
space,766
cream,766
staring,760
wild,758
commercial,758
run,750
work,750
foods,749
serving,748
cabinet,746
pose,745
spoon,741
breakfast,740
cement,735
which,734
trail,732
shorts,729
subway,728
backpack,727
stacked,725
show,725
reflection,724
painting,724
round,723
christmas,722
persons,720
lone,720
pool,715
mother,715
square,713
cooked,713
wire,712
same,708
toward,708
french,706
dessert,701
soup,699
cluttered,697
pillow,693
throw,692
seated,691
umpire,691
highway,690
games,689
swings,689
outdoors,689
docked,686
swimming,685
flag,682
sunglasses,681
rug,677
wedding,677
clocks,677
couches,676
blender,674
boarding,674
hotdog,672
adults,672
garden,669
assortment,669
stall,667
get,667
van,665
business,665
go,662
controllers,653
bun,648
among,646
drives,646
hillside,645
doors,644
team,641
foot,640
shelves,637
trash,636
restroom,636
rocky,636
flock,635
military,635
onions,635
ledge,634
eyes,633
desktop,633
kitten,633
wooded,630
low,630
ice,628
skies,627
stainless,626
facing,624
mid,624
stairs,623
jumps,623
lawn,622
eats,613
things,613
pointing,612
clouds,611
drawn,610
assorted,609
before,608
gate,608
desert,608
someones,606
see,606
cups,605
fish,604
race,603
closeup,601
eggs,600
ceiling,597
event,596
glove,593
steps,591
construction,586
coat,584
says,584
arms,579
turn,579
land,579
rackets,579
arranged,578
toddler,576
party,573
picnic,573
floors,572
snowboarding,572
broken,570
landing,569
curtain,569
lunch,567
closed,566
pond,566
monitors,566
overlooking,564
electronic,564
friends,563
pots,561
vegetable,559
new,558
kneeling,558
graze,558
does,557
cage,557
tied,557
boarder,554
tan,552
roof,551
bottom,551
narrow,550
pasta,548
messy,547
overhead,546
type,544
colors,542
kind,540
skating,538
himself,538
reads,537
machine,537
wide,537
fancy,534
rider,533
cakes,532
hold,531
sides,531
sale,531
trailer,528
appears,526
suits,525
gold,524
object,523
cloth,522
towels,520
ties,518
plain,518
sunset,516
veggies,515
transit,515
leather,515
bite,513
walkway,513
mans,513
features,511
was,510
foreground,510
ear,510
pants,508
shade,507
make,507
pastries,506
action,504
photos,504
loaded,504
net,503
rest,502
toilets,502
pie,501
carrot,501
urban,501
pepperoni,501
short,500
antique,500
sea,496
partially,495
commuter,494
clothing,493
ship,491
scooter,490
held,490
baked,489
toys,488
hole,488
device,488
still,487
doorway,486
beneath,485
palm,485
what,484
wrapped,484
fashioned,484
leash,483
lies,482
racing,481
pastry,480
signal,480
smoke,479
kinds,478
blurry,477
tour,477
gets,476
houses,474
chips,473
pedestrians,470
contains,469
harbor,469
decorative,469
giving,469
structure,468
fighter,466
tomato,466
grill,465
bow,464
pier,463
outfit,460
lettuce,460
petting,460
model,460
winter,460
used,457
island,456
peppers,454
garage,454
includes,453
part,452
rests,451
farm,450
streets,449
deck,449
railing,447
containers,446
leading,445
hard,444
opened,444
apartment,443
prepared,443
bunches,442
use,441
produce,439
vanity,439
steam,439
sheet,437
electric,437
sail,436
cap,435
beans,433
six,432
stack,431
tooth,431
hats,430
ripe,429
waits,429
cover,428
bacon,428
but,427
rural,427
papers,427
lift,426
makes,426
here,426
these,425
shopping,424
barn,423
residential,423
pans,422
mound,422
turned,421
tiny,421
smart,421
sheets,420
lid,420
nose,420
mug,419
heads,419
carpet,418
happy,418
writing,418
alongside,418
urinals,417
juice,416
pavement,416
i,415
doll,415
upside,414
brightly,414
patio,414
meters,413
snowboards,412
soda,411
frosting,410
tea,409
remotes,408
color,408
rainy,408
candle,407
touching,407
branches,407
riders,406
disc,405
milk,405
ducks,404
smaller,404
directions,404
personal,403
purse,403
flight,403
sort,402
laid,402
parade,402
sized,402
close-up,400
itself,399
ketchup,399
kicking,399
log,396
wetsuit,396
displaying,396
ladies,394
paddle,394
costume,393
dresser,392
loading,392
flags,392
wheel,392
do,392
lines,391
only,390
roll,390
smile,390
sill,389
officer,388
pick,388
mustard,388
noodles,387
waters,386
mushrooms,385
decorations,385
beige,385
enclosed,385
tent,385
bush,385
sausage,385
platter,384
trays,384
stuff,384
utensils,383
sliding,383
american,381
deep,381
uniforms,380
sailing,379
approaching,378
elderly,376
goes,375
terminal,375
pickup,375
throws,374
egg,373
course,373
fried,372
sweater,372
leans,372
ornate,372
uses,372
fun,371
pipe,371
collection,369
built,367
greens,366
vest,365
posted,364
hangs,364
gas,363
written,362
power,361
pulls,361
goats,360
attempting,360
propeller,360
tow,360
growing,360
beverage,360
bride,359
mitt,359
rolling,359
crosswalk,359
indoor,358
fake,358
runs,357
rear,357
shoe,356
stadium,355
passes,354
neatly,353
baskets,353
stick,352
rows,352
wind,352
jets,351
direction,351
supplies,350
relaxing,349
if,349
potted,349
curled,347
bending,347
roses,346
lamps,346
bull,346
curtains,346
toast,346
paint,346
shirtless,344
tank,343
rope,343
missing,343
roadway,342
leg,342
tops,342
locomotive,340
wires,340
block,340
siting,340
airliner,339
spectators,338
wheels,338
balls,337
art,337
aircraft,337
sticks,337
museum,336
glazed,335
falling,334
paved,334
packed,334
electronics,333
telephone,333
toothbrushes,333
sports,332
selfie,331
frame,331
how,331
performs,331
practicing,330
wagon,329
without,329
jeans,328
2,327
stunt,326
floral,326
piled,326
mirrors,325
we,324
tiles,324
guitar,324
good,323
chef,323
talks,323
sculpture,323
dead,322
thats,321
gather,321
motion,320
also,320
shallow,319
formation,319
landscape,318
garbage,318
tail,317
flown,317
pass,316
cupcakes,316
wait,316
homemade,315
hotdogs,315
shoulder,315
ingredients,315
eye,314
skateboarders,314
steep,313
toaster,313
covering,313
bank,313
selling,312
bucket,312
flip,312
semi,311
pedestrian,311
stream,311
opposite,311
freezer,311
surrounding,310
spread,310
workers,309
groom,309
images,309
jetliner,308
you,307
so,307
travels,307
fluffy,307
holder,307
tongue,306
put,306
sprinkles,306
cones,306
objects,306
pitching,305
fast,304
horseback,304
hits,304
downhill,302
snowboarders,302
fallen,301
headphones,300
asleep,300
icing,300
mixed,300
pushing,300
blankets,300
puppy,299
strawberries,299
chain,299
arrangement,299
competition,299
stuck,298
marble,297
counters,297
faces,296
pictured,296
visible,296
rolls,295
travel,295
neon,294
entrance,293
us,293
checkered,293
life,292
whole,291
speed,291
gathering,291
golden,291
drive,291
blonde,291
duck,290
slopes,290
climbing,290
shirts,290
urinal,289
habitat,289
handle,288
frosted,288
wears,288
item,288
cargo,288
womans,287
reaches,287
beard,287
pack,287
featuring,286
officers,285
string,284
patch,284
design,283
moves,283
stickers,283
range,282
london,281
shiny,281
pouring,281
skirt,280
name,280
delicious,280
carries,280
napkin,279
microphone,278
olives,278
feeder,277
covers,277
batting,275
first,275
basketball,275
interior,275
laughing,274
cookies,274
butter,273
blowing,273
great,273
haired,273
position,272
hills,271
ahead,271
desserts,270
onion,270
gravel,269
grilled,269
liquid,268
cleaning,268
beef,268
bare,268
checking,267
rainbow,267
miniature,267
far,267
corn,266
opening,266
mini,265
straw,265
fishing,265
cardboard,265
lighting,264
potato,264
ben,263
shape,263
controls,262
childs,261
jar,261
rusty,261
advertisement,261
turning,260
hang,260
mobile,259
fan,259
displays,258
bookshelf,258
tools,258
condiments,257
foil,257
plaid,257
tabby,257
newspaper,256
thin,256
fountain,256
muddy,256
bunk,256
hood,255
pickle,255
wing,255
herself,255
flooring,255
catches,255
ham,255
goat,255
located,255
seats,254
carts,254
travelling,253
rusted,253
clay,252
exhibit,251
unmade,251
hospital,249
gloves,249
bent,248
size,247
shadow,247
industrial,247
cafe,246
hallway,246
lane,246
sharing,245
either,245
attire,245
series,244
brushes,244
pancakes,244
steeple,243
thrown,243
forward,243
posed,243
comforter,243
trolley,243
grapes,242
meadow,242
pet,242
helping,242
aerial,242
words,241
st,241
library,241
league,240
paw,240
accessories,240
frisbees,240
freshly,239
double-decker,239
teams,239
blow,239
return,239
stoplight,239
backs,239
following,239
biting,238
stares,238
nicely,238
seems,237
multicolored,237
steak,237
stage,237
crust,236
sleeps,236
more,236
burger,235
ceramic,235
chasing,235
watering,235
dishwasher,235
statues,235
chefs,234
heading,234
countryside,234
wings,234
seagulls,234
almost,234
picking,233
chili,233
chinese,233
mostly,232
twin,232
paws,232
baking,232
matching,231
tasty,231
railway,231
coach,231
marina,230
hugging,230
bouquet,230
cycle,230
amongst,229
cowboy,229
designed,229
santa,229
balcony,229
multi,229
lay,229
system,228
gentleman,227
horns,227
iron,227
neighborhood,226
funny,226
mat,226
booth,225
advertising,225
calf,224
tunnel,224
foreign,224
alley,223
larger,223
dryer,222
sniffing,222
cuts,222
baggage,222
hamburger,222
collar,221
chopped,221
metallic,221
abandoned,220
trunks,220
prepare,220
sunlight,220
buffet,219
sugar,219
fans,219
bakery,219
tractor,219
typing,219
leaving,219
mask,219
hose,219
jumbo,218
seagull,218
lamb,217
heavy,217
chewing,216
story,216
calm,216
individual,215
resort,215
motorbike,215
father,215
sub,215
sets,214
poster,214
downtown,214
driveway,214
tries,213
folded,213
entertainment,213
audience,212
worker,212
rails,212
natural,212
dusk,212
cold,212
busses,212
framed,211
stool,211
washing,211
circular,211
kick,210
cases,210
candy,210
formal,210
bearded,209
boots,209
rose,209
neat,209
lighthouse,209
shining,208
organized,208
onlookers,208
devices,208
heart,208
bars,208
connected,208
helmets,207
motorcyclist,207
propped,207
cupcake,207
magnets,206
cupboards,206
t-shirt,206
chest,205
card,205
focus,205
mattress,204
cliff,204
sailboat,204
contents,204
dimly,204
section,203
weather,203
piano,202
tablet,202
lounging,202
evening,202
racquets,202
castle,202
bell,202
hiding,202
cook,201
decor,201
upon,201
besides,201
mud,201
tossing,201
storage,200
males,200
canopy,200
adorable,200
kitty,199
porch,199
dump,199
bay,199
bikers,198
ears,198
reflected,198
point,198
furry,198
grocery,197
apron,197
backyard,197
raised,197
parrot,196
progress,196
licking,196
owner,196
lemon,196
lambs,196
belt,195
thick,195
daytime,195
separate,195
silverware,195
fall,195
catchers,195
spinach,194
move,193
hardwood,193
scattered,193
skiis,193
wilderness,192
grazes,192
3,192
collage,191
warning,191
football,191
simple,190
straight,190
unique,190
crosses,190
golf,190
strip,189
lemons,189
shaking,189
driver,189
balancing,189
smoking,189
word,189
son,189
odd,189
jungle,188
ring,188
cookie,188
magazine,187
stretching,187
finger,187
logs,187
drivers,187
scarf,187
pony,186
saying,186
bikini,186
peeking,186
really,185
cabin,185
leafy,185
safety,185
tag,185
played,185
goggles,185
taxi,184
decoration,184
jersey,184
sizes,184
tourists,184
turkey,184
delivery,184
clutter,184
amount,184
lounge,184
countertop,184
spot,184
bats,184
drawers,183
numerous,183
circle,183
ladder,183
moped,182
freight,182
suspended,182
peeled,182
quiet,181
nuts,181
themselves,180
cigarette,180
screens,180
indoors,179
fixing,179
hung,178
tire,178
ribbon,178
students,177
pickles,177
farmers,177
pairs,177
break,177
fighting,177
enjoy,176
figure,176
courtyard,176
crane,176
towering,175
topping,175
classroom,175
muffin,175
pigeons,175
own,175
balloons,175
plaza,175
surfs,174
leaf,174
healthy,174
jockey,174
shoreline,174
cereal,174
motorcyclists,174
scooters,174
complete,174
spray,173
furnished,173
cellphones,173
shops,173
sticker,173
fabric,172
pine,172
closet,172
strange,172
beverages,171
foggy,171
feed,171
buns,171
rustic,171
tusks,171
snack,171
photographs,171
toothpaste,170
tin,170
vegetation,170
consisting,170
talk,170
monkey,170
panda,169
stops,169
skyline,169
obstacle,169
army,168
slightly,168
points,168
arrow,167
service,167
berries,167
comes,167
cop,167
softball,166
speakers,166
blond,166
oriental,166
arena,166
canoe,165
designs,165
port,165
meeting,165
den,165
puts,164
pedestal,164
observing,164
than,164
process,164
headed,164
sideways,163
cone,163
wading,163
positioned,163
nap,163
groups,163
wear,163
cushion,163
village,162
paddling,162
dispenser,162
bathing,162
approaches,162
slicing,162
pull,162
fixtures,162
crossed,162
shrimp,162
airlines,161
waterway,161
grabbing,160
beak,160
cans,160
load,160
snacks,159
reflecting,159
music,159
valley,159
attempts,159
bin,159
fully,159
granite,158
mall,158
war,158
illuminated,158
faucet,158
leaping,158
sailboats,157
classic,157
wit,157
caught,157
seven,157
cauliflower,157
kept,157
waving,157
numbers,156
forks,156
works,156
cheesy,156
teenager,156
monument,156
lighted,156
bedspread,156
knives,155
drawing,155
desks,155
sport,155
layer,155
level,155
conversation,155
bald,155
patterned,155
unusual,154
goods,154
trough,154
soap,154
flooded,154
friend,154
heard,153
married,153
peanut,153
reach,153
leads,153
s,152
herding,152
guard,151
tags,151
much,151
pad,151
tropical,150
individuals,150
spoons,150
greenery,150
step,150
had,150
interesting,150
vendor,149
keys,149
pepper,149
dried,149
para,149
freeway,149
strapped,149
owl,148
within,148
doubles,148
terrain,148
helicopter,148
diamond,148
boogie,148
stopping,147
tasting,147
piles,147
button,147
basin,147
second,147
turns,147
quilt,146
roman,146
massive,146
celebrating,146
roaming,146
pin,146
split,145
costumes,145
soldiers,145
pens,145
upright,145
order,145
pattern,145
factory,145
skater,145
deer,145
spraying,144
bit,144
overpass,144
cellular,144
site,144
transportation,144
conference,144
soft,143
canal,143
shades,143
tents,142
drying,142
come,142
stance,142
indicating,142
utility,142
tablecloth,141
gives,141
figurine,141
handing,141
wrapper,141
language,141
buggy,141
english,141
elevated,140
console,140
raft,140
elegant,140
tape,140
depot,139
bagel,139
adjusting,139
boarders,139
grinding,138
curve,138
posts,138
hooked,138
drawer,138
photographer,138
love,138
notebook,137
extended,137
peel,137
winding,137
learning,137
airborne,137
crib,137
wake,137
themed,137
print,136
weird,136
portrait,136
jars,136
backdrop,136
speaking,136
thing,136
cleaned,136
mashed,136
geese,135
circus,135
main,135
will,135
include,135
naked,135
savannah,135
products,135
cartoon,135
babies,134
read,134
signals,134
hangar,134
link,134
teenage,134
parachute,134
frying,133
kissing,133
windowsill,133
overcast,133
wicker,133
rowing,133
toasted,133
fat,132
polka,132
jackets,132
figurines,132
practice,132
fashion,132
festival,132
pug,132
pathway,132
customers,132
hall,132
china,131
seating,131
squatting,131
chained,131
thumbs,131
metro,131
pitchers,131
stroller,130
hauling,130
digital,130
message,130
trio,130
headboard,130
third,129
photographed,129
knee,129
grown,129
childrens,129
such,129
dot,129
mom,129
uncooked,128
dough,128
swim,128
daughter,128
backpacks,128
cathedral,128
british,128
world,128
depicting,128
most,127
package,127
human,127
too,127
storm,127
meats,127
gravy,126
plains,126
worn,126
star,126
ones,126
sails,126
scenic,126
towing,126
knees,126
note,126
sneakers,126
asphalt,125
racks,125
stable,125
commode,125
pears,125
shines,125
stores,125
carousel,125
staircase,125
placing,124
multi-colored,124
closely,124
disk,124
warehouse,124
returning,124
mens,124
conveyor,124
chrome,124
stir,123
am,123
competing,123
places,123
powdered,123
cooks,123
adorned,122
marked,122
tube,122
grab,122
planter,122
chopsticks,122
cruise,122
stalls,122
keyboards,122
stripes,121
shuttle,121
cluster,121
tourist,121
lobby,121
deserted,121
were,121
directly,121
roadside,120
cab,120
electrical,120
muffins,120
enter,120
crates,120
towers,120
african,120
tight,120
stationary,120
hind,120
rocking,120
shrubs,120
printer,120
band,119
when,119
carry,119
coke,119
entering,119
eight,119
cloud,119
lie,119
fur,119
foliage,119
calico,119
bookcase,118
float,118
ostrich,118
boardwalk,118
strawberry,118
stretched,118
soldier,118
barbed,118
puddle,118
stools,118
paintings,118
crate,118
major,118
n,117
theres,117
crouching,117
barrier,117
stepping,117
mixture,117
midair,117
suite,117
tiger,117
names,117
sweet,117
fair,117
cubicle,117
european,116
balances,116
opponent,116
frozen,116
help,116
dual,116
shoulders,116
medium,116
slide,116
intently,116
shapes,116
wildlife,116
rings,116
balloon,116
fed,115
suv,115
podium,115
appear,115
checks,115
fog,115
runner,115
listening,115
silhouette,115
dusty,115
dressing,115
black-and-white,115
unit,115
necks,115
leaned,114
artwork,114
macaroni,114
ferry,114
key,114
maroon,114
raw,114
bicyclist,114
uniformed,114
rectangular,114
texting,114
barrel,113
feeds,113
refrigerators,113
dip,113
cupboard,113
partly,113
limb,113
policeman,113
force,113
infant,113
diner,113
tagged,113
outfits,113
operating,113
rubbing,113
thru,112
grandfather,112
now,112
nest,112
mushroom,112
logo,112
radio,112
starting,112
kettle,112
stomach,112
pocket,112
spotted,112
blurred,112
lodge,111
touch,111
shots,111
spacious,111
elaborate,111
angle,111
class,111
dipping,111
environment,111
apart,111
skillet,111
signage,111
syrup,111
floats,111
nightstand,111
teenagers,111
peering,111
ships,110
needs,110
craft,110
serves,110
stretches,110
extra,110
pies,110
blinds,110
tissue,110
speeding,110
cherry,110
curved,110
4,110
figures,110
sprinkled,109
skinny,109
array,109
fingers,109
cobblestone,109
stacks,109
remodeled,109
pajamas,109
tee,109
flipping,109
goal,109
porcelain,108
bamboo,108
movie,108
try,108
bicyclists,108
artistic,108
cool,107
fry,107
weeds,107
younger,107
sofas,107
pineapple,107
stair,107
alcohol,107
dozen,107
menu,107
hitter,107
ha,107
somewhere,107
tidy,107
start,107
sad,106
mountainous,106
stunts,106
engaged,106
clearing,106
parts,106
bowling,106
gourmet,106
skiier,106
sleep,105
entree,105
identical,105
japanese,105
glowing,105
indian,105
done,105
biker,105
loaf,105
carriages,105
washer,105
newly,105
spots,105
treats,104
volley,104
stump,104
selection,104
wash,104
awaiting,104
viewed,104
blood,104
shrubbery,104
bigger,104
appliance,104
balance,104
jelly,103
cooling,103
suburban,103
ave,103
unfinished,103
any,103
rubber,103
alarm,103
map,103
wheelchair,103
united,103
spatula,103
else,103
barren,103
bulls,103
batters,103
rough,102
caption,102
avenue,102
self,102
plush,102
banner,102
pitched,102
dancing,102
pigeon,102
gaming,102
motel,102
traditional,102
pork,102
celery,101
sushi,101
separated,101
ovens,101
billboard,101
possibly,101
altered,101
chickens,101
coast,101
old-fashioned,101
tying,101
engines,101
iced,101
cast,101
cutter,101
moored,101
sharp,100
attractive,100
bunny,100
chandelier,100
viewing,100
youth,100
notes,100
dolls,100
swung,100
lime,100
ram,100
hiking,100
upward,100
lining,100
towed,99
garlic,99
maker,99
cubs,99
lifting,99
buttons,99
hipster,99
roller,99
equipped,99
claim,99
teaching,99
led,99
silly,99
navy,99
crackers,99
eagle,99
stripped,99
opens,98
care,98
cub,98
ad,98
hoodie,98
local,98
walled,98
pads,98
blocks,98
fuzzy,98
forested,97
happily,97
horned,97
falls,97
yogurt,97
dim,97
letting,97
handles,97
bends,97
breaking,97
locked,97
necktie,97
peas,96
steer,96
hut,96
transport,96
tuxedo,96
warm,96
letters,96
afternoon,96
grouped,96
trim,96
company,96
whipped,96
unloading,95
blocking,95
ottoman,95
playground,95
junk,95
interacting,95
windshield,95
crouched,95
shaggy,95
form,95
jeep,95
furnishings,95
ridding,95
compact,95
harness,95
special,95
windsurfing,95
aged,95
females,94
hanger,94
toiletries,94
money,94
delta,94
poised,94
stripe,94
dozens,94
called,94
mean,94
coats,93
tram,93
adjacent,93
scale,93
guests,93
sausages,93
watched,93
unripe,93
wrap,93
waterfall,93
york,93
aluminum,93
pointed,92
followed,92
excited,92
leave,92
strings,92
firetruck,92
cycles,92
treat,92
outstretched,92
feathers,92
mural,92
parasailing,92
ipod,92
plenty,92
coleslaw,92
theme,92
halves,92
flatbed,91
dinning,91
perches,91
gliding,91
pottery,91
directing,91
dont,91
call,91
roast,91
stained,91
provide,91
dugout,90
free,90
driven,90
folding,90
pillar,90
swans,90
slides,90
donkey,90
bricks,90
lead,90
german,90
peeling,90
relish,90
mixing,90
grasses,90
poking,90
portion,90
beyond,90
powered,90
diving,90
cards,90
panel,89
flowered,89
cabbage,89
gun,89
plan,89
skates,89
oil,89
setup,89
members,89
wandering,89
handbag,89
comfortable,88
character,88
rabbit,88
heels,88
page,88
crouches,88
real,88
cops,88
inflatable,88
text,88
vast,88
quickly,88
socks,88
robe,88
pets,88
hilly,88
holiday,88
holes,88
bedding,88
zone,88
backwards,88
distant,88
pipes,88
antelope,88
steering,88
cucumbers,87
o,87
frisbe,87
cooler,87
swan,87
speaker,87
cola,87
ramps,87
herbs,87
repair,87
measuring,87
check,87
plugged,87
private,87
news,87
sewing,87
snow-covered,87
heavily,87
cyclist,87
situated,86
vandalized,86
travelers,86
stocked,86
times,86
location,86
wheeled,86
roads,86
route,86
raising,86
mid-air,86
exit,86
asparagus,86
anchored,86
bidet,86
accents,86
bites,86
sleek,86
slab,85
rim,85
numerals,85
decked,85
peace,85
melted,85
nearly,85
liquor,85
gym,85
kneels,85
crest,85
caution,85
portable,85
barefoot,85
chopping,85
leaps,85
carrier,85
trip,85
shed,85
sweatshirt,85
grizzly,85
could,85
capped,84
mopeds,84
knitted,84
carved,84
club,84
teen,84
airline,84
sculptures,84
cyclists,84
mantle,84
stew,84
interactive,84
share,84
sparse,84
champagne,84
unable,84
rolled,84
threw,83
washington,83
squash,83
compartment,83
areas,83
midst,83
smelling,83
saddle,83
bullet,83
posters,83
price,83
bend,83
helps,83
dashboard,82
bbq,82
clown,82
those,82
layered,82
grassland,82
wallpaper,82
materials,82
training,82
though,82
perform,82
smartphone,82
corral,82
shaded,82
finished,82
lego,82
information,82
creek,82
airfield,81
polo,81
kayak,81
iphone,81
mixer,81
instruments,81
incoming,81
shake,81
smiley,81
tending,81
slow,81
cord,81
plated,81
motorbikes,81
stating,81
cages,81
pay,81
king,81
wax,80
ten,80
biplane,80
takeoff,80
protective,80
studio,80
strike,80
pit,80
t,80
completely,80
pushed,80
tucked,80
slowly,80
casserole,80
faced,80
keep,80
oval,80
outfield,80
mess,79
rams,79
parasol,79
arch,79
prop,79
college,79
meals,79
cheesecake,79
mugs,79
cords,79
celebration,79
saucer,79
medical,79
canoes,79
labeled,79
spaghetti,79
hydrants,79
touches,79
briefcase,79
powder,79
emergency,79
skatepark,79
colorfully,79
huddled,79
filling,79
surprised,79
stems,78
soaring,78
veggie,78
caged,78
soaked,78
combination,78
state,78
material,78
dresses,78
rodeo,78
mustache,78
stare,78
fields,78
convention,78
lonely,78
basil,78
waffles,78
blueberries,77
mac,77
streetlight,77
perch,77
tires,77
angry,77
rise,77
comfortably,77
taped,77
cross-country,77
nothing,77
napkins,77
owners,77
best,77
lower,77
file,77
landed,76
summer,76
installed,76
curious,76
presentation,76
even,76
similar,76
beginning,76
characters,76
singing,76
athlete,76
opposing,76
scratching,76
barrels,76
lab,75
directional,75
bleachers,75
tulips,75
brocolli,75
sauces,75
limit,75
featured,75
volleyball,75
dad,75
canadian,75
camping,75
upper,75
yarn,75
dragon,75
nighttime,75
clearly,75
parallel,75
stretch,75
cabinetry,75
oncoming,75
tiered,75
chains,75
machines,75
crew,74
darkened,74
presents,74
printed,74
jockeys,74
carpeted,74
pirate,74
parents,74
sled,74
mountainside,74
surround,74
yet,74
sporting,73
cloudless,73
nine,73
penguin,73
preparation,73
need,73
ultimate,73
shelving,73
wallet,73
amid,73
states,73
makeup,73
lifts,73
taxis,73
draped,73
ends,73
relaxes,73
barbecue,73
give,73
quite,73
tool,73
buffalo,73
policemen,72
bundle,72
cable,72
siamese,72
varieties,72
picked,72
gazing,72
extremely,72
sold,72
styled,72
damaged,72
greeting,72
doesnt,72
consists,72
m,72
tethered,72
frames,72
steamed,72
musical,72
bookshelves,72
begins,72
jam,71
historic,71
choppy,71
regular,71
artificial,71
queen,71
change,71
may,71
projector,71
motorized,71
shredded,71
grand,71
crown,70
curly,70
mix,70
telling,70
enjoys,70
deserts,70
paddles,70
cozy,70
bins,70
tarp,70
everything,70
exposed,70
lens,70
carnival,70
arriving,70
vendors,69
honey,69
countertops,69
cameras,69
stirring,69
breast,69
extends,69
follows,69
tortilla,69
icy,69
glides,69
storefront,69
kit,69
sanding,69
trainer,69
everyone,69
burning,69
obama,69
sword,69
curvy,69
sprouts,69
camper,69
skiiers,69
businesses,68
competitive,68
watermelon,68
wool,68
dust,68
pig,68
crashing,68
somewhat,68
mexican,68
filed,68
flowing,68
relax,68
microwaves,68
kicks,68
buckets,68
cucumber,68
balanced,67
say,67
jumped,67
italian,67
homes,67
vacant,67
mote,67
debris,67
olive,67
vests,67
referee,67
automobile,67
finish,67
airways,67
department,67
dorm,67
arched,67
president,67
peers,67
architecture,67
hello,67
exiting,67
coin,67
strewn,67
project,67
rounding,67
stones,66
limes,66
safari,66
overlooks,66
today,66
sniffs,66
morning,66
nursing,66
deli,66
early,66
horn,66
carton,66
rather,66
decorating,66
attention,66
parent,66
easy,66
propellers,66
butterfly,66
everywhere,66
historical,66
tug,66
kittens,66
tide,66
border,66
random,66
nestled,66
strong,66
moon,65
liner,65
bad,65
hummingbird,65
warming,65
removed,65
windy,65
plaque,65
smothered,65
rooms,65
mail,65
turquoise,65
kiwi,65
avocado,65
racer,65
accident,65
spices,65
rising,65
lion,65
lovely,64
stars,64
cemetery,64
sexy,64
grabs,64
raspberries,64
underwear,64
noses,64
striking,64
pours,64
kiteboarding,64
stem,64
5,64
rotten,64
winds,64
fill,64
skyscrapers,64
cafeteria,64
sells,64
paste,63
autumn,63
me,63
cuddling,63
depicts,63
skills,63
slaw,63
lounges,63
submerged,63
marker,63
know,63
mirrored,63
then,63
district,63
protest,63
flavored,63
garnished,63
serious,63
belly,63
gated,63
meet,62
crowds,62
dance,62
compete,62
present,62
pregnant,62
speeds,62
bagels,62
must,62
shadows,62
buying,62
passed,62
blows,62
lanes,62
faded,62
ambulance,62
gentlemen,62
shaving,62
milking,61
embracing,61
legged,61
linens,61
digging,61
kiss,61
trailing,61
let,61
rises,61
stalk,61
belongings,61
hundreds,61
indicates,61
bricked,61
splashing,61
metropolitan,61
wireless,61
snuggling,61
brand,61
rugs,61
mesh,61
facility,61
burnt,60
wetsuits,60
crafts,60
expression,60
milling,60
earth,60
smoothie,60
buss,60
camouflage,60
busted,60
dairy,60
shady,60
wrapping,60
magazines,60
pushes,60
picks,60
ridden,60
paperwork,60
pale,60
dilapidated,60
backhand,60
wok,60
student,60
medicine,59
ropes,59
security,59
patrons,59
cracked,59
mama,59
skyscraper,59
late,59
guiding,59
pumpkins,59
wines,59
hook,59
lifted,59
dotted,59
athletic,59
retail,59
gone,59
beers,59
knocked,59
visitors,59
sepia,59
gazelle,59
bumper,59
canada,59
mouths,59
vending,59
processor,58
livestock,58
inspecting,58
admiring,58
pretending,58
raises,58
garnish,58
attending,58
twilight,58
oak,58
partial,58
except,58
retro,58
frizbee,58
transporting,58
custom,58
styrofoam,58
farmer,58
crystal,58
amidst,58
examining,58
lettering,58
splash,58
holders,58
seeds,58
tabletop,58
sunflowers,58
incline,58
docks,58
torn,58
remains,58
escalator,58
bronze,58
already,58
spire,58
cherries,58
daylight,58
trey,57
chop,57
exotic,57
pita,57
decorate,57
archway,57
destination,57
televisions,57
bean,57
describe,57
backed,57
pillars,57
entry,57
alert,57
caboose,57
fit,57
necklace,57
awning,57
plow,57
lite,57
job,57
seafood,57
blocked,57
comb,57
bells,57
foam,57
oddly,57
waffle,57
wheeler,57
bottled,57
washroom,57
boxing,57
savanna,57
grouping,57
tired,57
skull,57
sandals,57
squares,57
tangerines,57
arrows,57
stoplights,56
otherwise,56
mill,56
returns,56
napping,56
citrus,56
platters,56
hawk,56
olympic,56
paneled,56
captured,56
shelter,56
squirrel,56
deckered,56
tilted,56
hairy,56
tofu,56
bundled,56
hovering,56
walked,56
equestrian,56
formally,56
stored,56
sided,56
found,56
goose,56
barely,56
reclining,56
cinnamon,55
hes,55
horizon,55
starbucks,55
pencils,55
somebody,55
grinds,55
sectional,55
adjusts,55
roasted,55
hovers,55
gates,55
radiator,55
divided,55
typical,55
mascot,55
accompanied,55
triple,55
dome,55
littered,55
trashcan,55
peoples,54
flips,54
mannequin,54
taxiing,54
grain,54
ascending,54
packages,54
basic,54
fixture,54
puppies,54
your,54
frog,54
appearing,54
contemporary,54
bulldog,54
heater,54
wiping,54
goalie,54
tip,54
rv,54
calves,54
advertisements,54
extending,53
tanker,53
cane,53
pc,53
buy,53
handicap,53
washed,53
lapse,53
examines,53
climb,53
monster,53
reflective,53
jug,53
biking,53
teal,53
waling,53
native,53
hidden,53
beached,53
whit,53
hazy,53
ofa,53
enormous,53
sandwhich,53
record,53
ceremony,53
lean,53
fist,53
hooded,53
because,53
stairway,53
reflects,53
named,52
cityscape,52
thumb,52
waterfront,52
candies,52
galloping,52
markers,52
presented,52
radishes,52
aisle,52
ancient,52
surfboarding,52
should,52
amusement,52
peacock,52
scenery,52
camp,52
conversing,52
renovated,52
courts,52
cramped,52
analog,52
shell,52
fine,52
airstrip,52
recliner,52
fight,52
seem,52
mass,52
symbol,52
swims,51
views,51
barriers,51
climbs,51
got,51
removing,51
raining,51
robot,51
grapefruit,51
tattoo,51
instrument,51
vane,51
flamingos,51
hooks,51
packaged,51
seed,51
futon,51
official,51
dots,51
spinning,51
pump,51
shepherd,51
clad,51
instructions,51
available,51
businessman,51
cole,51
shaved,51
live,51
kits,51
readies,51
sesame,51
bouncing,51
creepy,51
hammer,51
drain,51
pilot,51
push,51
wig,51
octopus,51
cant,51
thread,51
foal,51
coca,51
licks,51
pumpkin,51
recording,51
west,50
employees,50
downward,50
beat,50
peeks,50
sparsely,50
sheeps,50
tier,50
conductor,50
neutral,50
burner,50
vans,50
biscuits,50
practices,50
rod,50
captivity,50
beanie,50
stereo,50
settings,50
sunshine,50
positions,50
fedora,50
dragging,50
expanse,50
sleigh,50
dropping,50
chin,50
vanilla,50
workstation,50
marching,50
halloween,50
burners,50
concert,50
scissor,50
tournament,50
noodle,50
strips,50
ornaments,50
mozzarella,50
sidecar,50
handicapped,50
charging,50
ponies,49
machinery,49
guide,49
trolly,49
florets,49
ways,49
wired,49
huddle,49
alpine,49
handed,49
sections,49
refridgerator,49
casual,49
approach,49
evergreen,49
yummy,49
raquet,49
salmon,49
overgrown,49
parrots,49
hunched,49
biscuit,49
athletes,49
drapes,49
knit,49
laugh,49
laundry,49
grooming,49
peach,49
chews,49
letter,49
personnel,49
residence,49
mice,49
snowsuit,49
bandana,49
flowery,49
barber,49
would,49
daisies,49
hedge,49
int,49
stormy,49
zucchini,49
waste,49
grove,49
length,49
delivering,49
finishing,49
plantains,48
spring,48
fleet,48
gadgets,48
compartments,48
boot,48
garb,48
underground,48
currently,48
mp3,48
reins,48
wedge,48
baseman,48
marketplace,48
crawling,48
populated,48
breads,48
descending,48
speech,48
numeral,48
languages,48
dense,48
solar,48
pressing,48
weathered,48
attempt,48
ticket,48
ranch,48
hug,48
peak,48
probably,48
came,48
gift,48
hamburgers,48
slippers,48
peaches,48
focused,48
salon,48
engaging,48
upwards,48
moment,48
vegetarian,48
omelet,48
wheelie,48
household,48
mosaic,47
patiently,47
theater,47
beautifully,47
stuffing,47
trekking,47
shells,47
krispy,47
crab,47
shine,47
markings,47
bib,47
poured,47
oxen,47
complex,47
sour,47
might,47
warns,47
carefully,47
ornament,47
camel,47
carried,47
fencing,47
affixed,47
teens,47
trails,47
pro,47
idle,47
sunlit,47
begin,47
western,47
tails,46
year,46
awaits,46
bill,46
nasty,46
clocktower,46
skin,46
political,46
makeshift,46
filthy,46
interstate,46
slanted,46
pencil,46
croissant,46
charger,46
showroom,46
hoop,46
bunt,46
salt,46
stylized,46
foraging,46
reception,46
ugly,46
handled,46
fences,46
consumption,46
levels,46
waist,46
buried,46
gang,46
loft,46
utensil,46
herded,46
flowering,46
vertical,46
haircut,46
cables,46
calculator,46
wooly,46
label,45
extreme,45
amtrak,45
pokes,45
sound,45
stylish,45
bridle,45
blooming,45
crocheted,45
broadway,45
roam,45
cactus,45
ornamental,45
cd,45
hoagie,45
headlights,45
standard,45
berry,45
ginger,45
banquet,45
spewing,45
substance,45
snowing,45
important,45
film,45
nature,45
kreme,45
peaking,45
peacefully,45
barge,45
depicted,45
pelican,45
lips,45
median,45
rust,45
gown,45
stockings,45
rhino,45
horse-drawn,45
womens,45
diaper,45
packing,45
enough,44
coaster,44
yacht,44
san,44
squats,44
patriotic,44
product,44
cushions,44
added,44
royal,44
memorial,44
expired,44
ferris,44
th,44
snuggled,44
cloths,44
retriever,44
customer,44
combing,44
bug,44
supermarket,44
destroyed,44
sight,44
claw,44
housing,44
carving,44
channel,44
glow,44
helmeted,44
babys,44
fell,44
instead,44
contest,44
grilling,44
stoves,44
wrong,44
sleepy,44
hockey,44
captive,44
eyed,44
caps,44
trimmed,44
needle,44
blazer,44
tossed,44
unused,43
aboard,43
exterior,43
motorboat,43
clothed,43
turtle,43
sidewalks,43
brass,43
intricate,43
lands,43
england,43
fedex,43
lightly,43
rapids,43
nuzzling,43
central,43
every,43
asia,43
overturned,43
architectural,43
flavors,43
knacks,43
blueberry,43
speaks,43
boarded,43
herds,43
structures,43
rally,43
litter,43
studying,43
packs,43
halfway,43
columns,43
spaces,43
recreational,43
groceries,42
seeing,42
styles,42
teapot,42
took,42
server,42
mitts,42
underside,42
cds,42
eyeglasses,42
husky,42
stay,42
tattoos,42
cranes,42
viewer,42
dude,42
taller,42
lamppost,42
shooting,42
toned,42
pop,42
claus,42
lunging,42
blades,42
leashes,42
wander,42
highchair,42
half-eaten,42
activities,42
signing,42
gentle,42
dvd,42
maintenance,42
instructor,42
shack,42
salsa,42
woven,42
perfect,42
thomas,42
jack,42
models,42
pic,42
support,42
rd,42
worked,42
layed,42
sorts,42
flys,42
linen,41
gloomy,41
burrito,41
super,41
swiss,41
welcome,41
ford,41
glider,41
pepsi,41
bushel,41
pauses,41
salads,41
newspapers,41
nook,41
diners,41
cheeses,41
forehead,41
dalmatian,41
murky,41
parks,41
quaint,41
virgin,41
stages,41
curiously,41
tosses,41
marks,41
chihuahua,41
sing,41
famous,41
drop,41
hearts,41
bubble,41
plank,41
macbook,41
docking,41
changing,41
animated,41
rink,41
diced,41
contact,41
ox,41
pantry,41
receive,41
hides,41
gesture,41
meatball,40
boulders,40
streamers,40
contraption,40
sell,40
brief,40
tusk,40
root,40
strap,40
casting,40
unoccupied,40
parasail,40
handlebars,40
fairly,40
mcdonalds,40
wheat,40
backseat,40
appetizers,40
couples,40
rowboat,40
trailers,40
spreading,40
surroundings,40
layers,40
assembly,40
kayaks,40
buds,40
controlled,40
beauty,40
paneling,40
leap,40
6,40
scrambled,40
modified,40
elevator,40
cave,40
replica,40
browns,40
fryer,40
california,40
toilette,40
meatballs,40
hammock,40
stalks,40
observe,40
squat,40
sat,40
airliners,39
wavy,39
recently,39
yield,39
broth,39
blade,39
demonstration,39
community,39
rescue,39
lip,39
employee,39
find,39
plunger,39
motes,39
arrive,39
paying,39
entire,39
canvas,39
toss,39
nokia,39
ribbons,39
checked,39
investigating,39
brownies,39
throughout,39
think,39
headband,39
gathers,39
spreads,39
backside,39
divider,39
outdated,39
coated,39
burgers,39
column,39
races,39
triangle,39
tongs,39
dunkin,39
rundown,39
misses,39
wrist,39
difficult,39
prey,39
dangling,39
frisby,39
brushed,39
boiled,39
crazy,39
bases,39
graphic,39
standup,39
palace,38
rounded,38
poodle,38
oatmeal,38
bordered,38
sauerkraut,38
gifts,38
aquarium,38
whose,38
mechanical,38
master,38
goers,38
cheeseburger,38
groomed,38
laden,38
glaze,38
tell,38
deliver,38
india,38
shears,38
terrier,38
bone,38
lunges,38
rig,38
patterns,38
tone,38
foamy,38
pane,38
idly,38
unknown,38
twelve,38
streetlights,38
boating,38
hear,38
fours,38
coaches,38
goofy,38
graduation,38
newborn,38
hour,38
laughs,38
sailors,38
leopard,38
learn,38
luxury,38
injured,38
paddock,38
perspective,38
trotting,38
playfully,38
wrestling,38
bundt,38
beam,38
juicer,38
samsung,38
my,37
chicago,37
constructed,37
peels,37
presenting,37
national,37
playful,37
establishment,37
flood,37
staff,37
sweets,37
leafless,37
converted,37
rearview,37
families,37
hours,37
bushy,37
grow,37
boston,37
fireman,37
lighter,37
outhouse,37
crying,37
propellor,37
peer,37
quarters,37
combo,37
fix,37
rugby,37
discussing,37
jewelry,37
bake,37
croissants,37
cabs,37
toddlers,37
knick,37
angel,37
pitches,37
plat,37
nightstands,37
overalls,37
vines,37
twig,37
least,37
ironing,37
ceilings,37
spanish,37
submarine,37
side-by-side,37
butt,37
flatbread,37
maneuver,37
social,37
starts,37
restaurants,37
oversized,37
seasoned,36
bundles,36
region,36
w,36
panting,36
recipe,36
boxed,36
pancake,36
tree-lined,36
twigs,36
folks,36
gothic,36
projection,36
batch,36
height,36
taco,36
performance,36
pilots,36
launch,36
beads,36
labels,36
banners,36
spiral,36
roasting,36
discs,36
cottage,36
sunrise,36
robes,36
pineapples,36
microphones,36
releasing,36
caramel,36
fixed,36
bitten,36
curbside,36
lifeguard,36
trophy,36
forrest,36
chatting,36
miscellaneous,36
shark,36
flanked,36
tightly,36
bedside,36
seal,36
grind,36
coupe,36
alleyway,36
crumbs,36
vine,35
freely,35
abstract,35
repairs,35
panoramic,35
oar,35
age,35
soars,35
pong,35
drops,35
barbeque,35
varying,35
blown,35
mannequins,35
operated,35
function,35
hitched,35
revealing,35
mouses,35
centerpiece,35
almonds,35
-,35
participating,35
feature,35
knitting,35
overlook,35
navigating,35
snowman,35
wedges,35
union,35
pelicans,35
livingroom,35
wrought,35
celebratory,35
canned,35
gummy,35
seasoning,35
shearing,35
tvs,35
costumed,35
horizontal,35
curls,35
automobiles,35
banks,35
quiche,35
allowed,35
able,35
bison,35
loose,35
patrol,35
butcher,35
swiftly,35
dollar,34
south,34
packaging,34
victorian,34
mats,34
flipped,34
booths,34
era,34
stovetop,34
hamster,34
bushels,34
flash,34
north,34
last,34
pick-up,34
ping,34
wants,34
hurdle,34
safe,34
monk,34
surrounds,34
twenty,34
yawning,34
humans,34
melon,34
sigh,34
oclock,34
visor,34
frowning,34
stroll,34
facial,34
lizard,34
windmill,34
juvenile,34
japan,34
follow,34
peaceful,34
religious,34
direct,34
messing,34
bento,34
coral,34
hash,34
nails,34
europe,34
blank,34
intense,34
blur,34
diagonal,34
burned,34
whine,34
brownie,34
parasols,34
collie,34
details,34
pear,34
mark,34
saddled,34
beaks,34
looked,34
renovation,34
indicate,34
mothers,34
inner,34
companion,34
discussion,34
neath,34
1,34
grate,34
sunflower,34
gestures,34
lazy,33
moss,33
cel,33
t-ball,33
numbered,33
locations,33
photographing,33
edges,33
via,33
lavender,33
raincoat,33
roped,33
bits,33
cruising,33
sox,33
sprayed,33
repairing,33
chunks,33
popular,33
swimmers,33
wonderful,33
sure,33
controlling,33
bearing,33
vessel,33
aprons,33
pinned,33
galley,33
floored,33
coconut,33
tips,33
mason,33
barricade,33
rooftop,33
cannot,33
crochet,33
tusked,33
directs,33
prairie,33
kitchenette,33
stately,33
glassware,33
parlor,33
dated,33
parachutes,33
uphill,33
mane,33
matches,33
dvds,33
workspace,33
web,33
goatee,33
certain,33
win,33
harley,33
preforming,33
tanks,33
hairdryer,33
pointy,33
mickey,33
handmade,33
planted,33
fixes,33
platforms,33
bored,33
purses,33
velvet,33
convertible,33
symbols,32
vent,32
france,32
wildflowers,32
bows,32
lace,32
handler,32
dash,32
arranging,32
searching,32
blind,32
crash,32
slop,32
whip,32
legos,32
cockpit,32
masks,32
atv,32
triangular,32
dumpster,32
marsh,32
scoop,32
silhouetted,32
offers,32
mantel,32
coal,32
greet,32
less,32
kiteboard,32
handling,32
celebrate,32
needles,32
misty,32
patient,32
fellow,32
francisco,32
given,32
commuters,32
peanuts,32
pudding,32
skeleton,32
ruler,32
award,32
nut,32
sneaker,32
forehand,32
cheek,32
license,32
medieval,32
scrub,32
slalom,32
better,32
casually,32
activity,32
granola,32
defensive,31
pigs,31
burgundy,31
socializing,31
hugs,31
overview,31
rooster,31
beams,31
movies,31
arches,31
vw,31
capitol,31
eachother,31
cowboys,31
racers,31
drums,31
always,31
century,31
minutes,31
browsing,31
mount,31
profile,31
filming,31
nowhere,31
dives,31
emo,31
clip,31
eiffel,31
toliet,31
wraps,31
nibbling,31
urn,31
bark,31
tricycle,31
pins,31
halfpipe,31
icebox,31
dolly,31
donkeys,31
spanning,31
normal,31
usa,31
sampling,31
tons,31
leafs,31
duffel,31
doily,31
tshirt,31
half-pipe,31
tipped,31
await,31
gigantic,31
amenities,30
testing,30
facade,30
laps,30
handstand,30
hawaiian,30
diet,30
guards,30
messages,30
ivy,30
stationed,30
ripped,30
starring,30
soil,30
ware,30
dental,30
parmesan,30
auditorium,30
penny,30
whom,30
clydesdale,30
flush,30
denim,30
upscale,30
sidelines,30
headset,30
waking,30
current,30
temple,30
receiving,30
adorn,30
pub,30
majestic,30
credit,30
vibrant,30
chalk,30
crop,30
program,30
grows,30
dingy,30
mattresses,30
davidson,30
crow,30
sodas,30
combined,30
basement,30
hilltop,30
breaded,30
cleaner,30
baker,30
crooked,30
ordering,30
years,30
jean,30
detour,30
festive,30
luxurious,30
ostriches,30
tater,30
demolished,30
transported,30
beagle,30
bmw,30
sprawled,30
tells,30
fenced-in,30
petals,30
maybe,30
tots,30
rared,30
limbs,30
steal,30
university,29
discarded,29
globe,29
fighters,29
handrail,29
shes,29
shrub,29
concerned,29
wildebeest,29
cliffs,29
ipad,29
flour,29
aiming,29
clause,29
arabic,29
grasslands,29
mature,29
yak,29
patches,29
onward,29
member,29
shutters,29
sings,29
billboards,29
wades,29
observes,29
hey,29
loveseat,29
speckled,29
breaks,29
lobster,29
medal,29
swimsuit,29
ribs,29
cobble,29
lids,29
pecking,29
cracker,29
e,29
angels,29
coca-cola,29
tones,29
obstacles,29
taste,29
planters,29
seaside,29
adding,29
circles,29
unattended,29
lasagna,29
woolly,29
3d,29
law,29
clustered,29
missed,29
tripod,29
converse,29
munching,29
petted,29
charter,29
youths,29
purchase,29
protruding,28
arrives,28
teacher,28
winery,28
gay,28
press,28
angles,28
leftover,28
date,28
wagons,28
puffy,28
boulder,28
rat,28
ditch,28
ton,28
sheared,28
waterskiing,28
fireworks,28
blenders,28
landscaping,28
jacuzzi,28
intensely,28
booze,28
plums,28
maple,28
pockets,28
bloody,28
bubbles,28
friendly,28
stairwell,28
strolling,28
8,28
source,28
notebooks,28
inspects,28
seaweed,28
hip,28
celebrates,28
knot,28
switch,28
attraction,28
edible,28
fisheye,28
looms,28
buliding,28
embedded,28
alcoholic,28
nude,28
visiting,28
parsley,28
outlet,28
ordered,28
bathrooms,28
africa,28
scaffolding,28
guides,28
steaming,28
automatic,28
lost,28
jetliners,28
sprinkle,28
workshop,28
creamy,28
naps,28
eatery,28
badminton,28
gazelles,28
technology,28
sleeve,28
auto,28
placemat,28
homeless,28
perfectly,28
hollywood,28
rode,28
exercise,28
skaters,28
melting,28
proudly,27
altitude,27
bloom,27
crashed,27
arid,27
detailed,27
drum,27
amazing,27
gazebo,27
etc,27
seemingly,27
fitted,27
guitars,27
l,27
departing,27
moved,27
paris,27
memorabilia,27
resemble,27
focal,27
east,27
crashes,27
tilting,27
long-haired,27
moose,27
dips,27
brussel,27
billowing,27
study,27
jesus,27
linked,27
cocktail,27
allow,27
pooh,27
holing,27
ages,27
panels,27
picket,27
desolate,27
snake,27
protect,27
why,27
remodeling,27
walk-in,27
sipping,27
spending,27
riverbank,27
elaborately,27
ornately,27
slats,27
thre,27
stocking,27
launching,27
photography,27
razor,27
tissues,27
mailbox,27
middle-aged,27
hero,27
sloped,27
organic,27
beets,27
motorists,27
cider,27
witha,27
concept,27
shut,27
domed,27
keeping,27
picturesque,27
grains,27
battery,27
rains,27
shipping,27
hungry,27
abundance,27
tinfoil,27
spilled,27
dc,27
antiques,27
cotton,26
copper,26
gazes,26
juggling,26
restored,26
bomber,26
dispensers,26
pristine,26
jerseys,26
non,26
manual,26
handheld,26
fuel,26
sticky,26
arts,26
strung,26
shakes,26
dr,26
formations,26
windsurfer,26
takeout,26
potty,26
isnt,26
slender,26
keeps,26
creme,26
antelopes,26
tuna,26
acting,26
distorted,26
warmly,26
reveals,26
whats,26
senior,26
lincoln,26
drawings,26
bandanna,26
uneaten,26
nuzzle,26
lipstick,26
sprays,26
flames,26
ladys,26
onlooker,26
southwest,26
dinosaur,26
collared,26
countries,26
pawing,26
teammates,26
loads,26
maintained,26
heating,26
cuddled,26
leaking,26
poorly,26
assembled,26
scenes,26
secluded,26
favorite,26
saucers,26
external,26
cooker,26
aqua,26
chalkboard,26
america,26
cycling,26
firefighters,26
topless,26
penguins,26
photoshopped,26
av,26
raisins,26
chases,26
streaming,26
balding,26
congregate,26
faucets,26
competitor,26
offering,26
prints,26
occupied,26
elbow,26
pound,26
teh,26
infront,26
chase,26
version,26
hygiene,26
chip,26
gulls,26
partition,26
blvd,26
reigns,26
serviced,26
avocados,26
pews,26
rounds,26
liberty,26
concentrating,26
rushing,26
shoppers,25
ago,25
creature,25
walker,25
feild,25
chick,25
emerging,25
hearty,25
attachment,25
eagerly,25
bust,25
waiter,25
tattooed,25
minivan,25
jail,25
chops,25
cigarettes,25
blackberry,25
wreath,25
canyon,25
mangoes,25
attendant,25
boulevard,25
gripping,25
fronts,25
notepad,25
canes,25
unopened,25
crafting,25
monkeys,25
turkeys,25
crack,25
rumpled,25
seashore,25
cities,25
plethora,25
lets,25
orchard,25
dangerous,25
contain,25
semi-truck,25
sons,25
completing,25
wade,25
plans,25
curtained,25
protesters,25
ducklings,25
cuisine,25
marking,25
citys,25
overflowing,25
lock,25
sheering,25
doctors,25
creating,25
rhinos,25
advertises,25
demonstrating,25
hips,25
prominent,25
kiosk,25
toll,25
days,25
wife,25
heron,25
remodel,25
lapel,25
international,25
tiling,25
temporary,25
wrappers,25
armchair,25
pumps,25
possible,25
husband,25
guided,25
glide,25
batteries,25
bra,25
chubby,25
butterflies,25
cob,25
goblets,25
ridge,25
rocket,24
eggplant,24
angled,24
sales,24
colt,24
b,24
marine,24
suspenders,24
want,24
apparatus,24
nurses,24
chute,24
pacific,24
dreary,24
filtered,24
gorilla,24
dummy,24
sailor,24
rub,24
businessmen,24
placid,24
gum,24
built-in,24
strikes,24
dressers,24
venue,24
clutching,24
fired,24
media,24
fixings,24
wars,24
punch,24
capture,24
provides,24
skylight,24
mossy,24
apparently,24
pliers,24
satellite,24
knobs,24
infield,24
duffle,24
arrangements,24
guarding,24
railings,24
streetcar,24
procession,24
tights,24
labrador,24
broke,24
binder,24
flatscreen,24
sample,24
exchanging,24
attic,24
coastline,24
incredible,24
marshmallows,24
protesting,24
options,24
cot,24
lecture,24
spice,24
avoid,24
theatre,24
firemen,24
attacking,24
well-dressed,24
shares,24
hate,24
common,24
violin,24
signaling,24
nets,24
rectangle,24
tagging,24
guns,24
prices,24
jogging,24
tech,24
centered,24
earphones,24
stain,23
underwater,23
connecting,23
pepperonis,23
kayaking,23
interested,23
multitude,23
primitive,23
campus,23
cheering,23
passanger,23
finishes,23
battle,23
dell,23
adorns,23
assisting,23
crowding,23
exhaust,23
solitary,23
interact,23
lazily,23
cardinal,23
twisted,23
7,23
related,23
did,23
march,23
motocross,23
eleven,23
once,23
potter,23
brings,23
weight,23
upstairs,23
flow,23
tale,23
shovel,23
express,23
additional,23
mop,23
designated,23
quilted,23
gears,23
clusters,23
flushing,23
lantern,23
shaker,23
ordinary,23
netting,23
merry,23
oars,23
apartments,23
differently,23
straps,23
curl,23
reflections,23
lava,23
trade,23
caring,23
privacy,23
wiimote,23
pleasant,23
cape,23
poor,23
fatigues,23
piercing,23
cuckoo,23
minimal,23
scheme,23
humming,23
shoot,23
checkerboard,23
hedges,23
created,23
sking,23
projected,22
bowtie,22
magnifying,22
needed,22
peek,22
ink,22
signed,22
pavilion,22
korean,22
speedboat,22
statute,22
filing,22
broad,22
exposure,22
evil,22
cuddles,22
pacifier,22
gymnasium,22
uncovered,22
article,22
filmed,22
act,22
extinguisher,22
